id,first_name,last_name,contact_details,address
1,Michael,P.,michael.p@example.com,123 Elm St
2,Shawn,M.,shawn.m@example.com,456 Oak St
3,Kathleen,P.,kathleen.p@example.com,789 Pine St
4,Jimmy,C.,jimmy.c@example.com,101 Maple St
5,Katherine,R.,katherine.r@example.com,202 Birch St
6,Sarah,R.,sarah.r@example.com,303 Cedar St
7,Martin,M.,martin.m@example.com,404 Spruce St
8,Frank,R.,frank.r@example.com,505 Walnut St
9,Jennifer,F.,jennifer.f@example.com,606 Cherry St
10,Henry,W.,henry.w@example.com,707 Ash St
11,Fred,S.,fred.s@example.com,123 Elm St
12,Amy,D.,amy.d@example.com,456 Oak St
13,Kathleen,M.,kathleen.m@example.com,789 Pine St
14,Steve,F.,steve.f@example.com,101 Maple St
15,Teresa,H.,teresa.h@example.com,202 Birch St
16,Amanda,H.,amanda.h@example.com,303 Cedar St
17,Kimberly,R.,kimberly.r@example.com,404 Spruce St
18,Johnny,K.,johnny.k@example.com,505 Walnut St
19,Virginia,F.,virginia.f@example.com,606 Cherry St
20,Anna,A.,anna.a@example.com,707 Ash St
21,Willie,H.,willie.h@example.com,808 Elm St
22,Sean,H.,sean.h@example.com,909 Oak St
23,Mildred,A.,mildred.a@example.com,1010 Pine St
24,David,G.,david.g@example.com,1111 Maple St
25,Victor,H.,victor.h@example.com,1212 Birch St
26,Aaron,R.,aaron.r@example.com,1313 Cedar St
27,Benjamin,B.,benjamin.b@example.com,1414 Spruce St
28,Lisa,W.,lisa.w@example.com,1515 Walnut St
29,Benjamin,K.,benjamin.k@example.com,1616 Cherry St
30,Christina,W.,christina.w@example.com,1717 Ash St
31,Jane,G.,jane.g@example.com,1818 Elm St
32,Thomas,O.,thomas.o@example.com,1919 Oak St
33,Katherine,M.,katherine.m@example.com,2020 Pine St
34,Jennifer,S.,jennifer.s@example.com,2121 Maple St
35,Sara,T.,sara.t@example.com,2222 Birch St
36,Harold,O.,harold.o@example.com,2323 Cedar St
37,Shirley,J.,shirley.j@example.com,2424 Spruce St
38,Dennis,J.,dennis.j@example.com,2525 Walnut St
39,Louise,W.,louise.w@example.com,2626 Cherry St
40,Maria,A.,maria.a@example.com,2727 Ash St
41,Gloria,C.,gloria.c@example.com,2828 Elm St
42,Diana,S.,diana.s@example.com,2929 Oak St
43,Kelly,N.,kelly.n@example.com,3030 Pine St
44,Jane,R.,jane.r@example.com,3131 Maple St
45,Scott,B.,scott.b@example.com,3232 Birch St
46,Norma,C.,norma.c@example.com,3333 Cedar St
47,Marie,P.,marie.p@example.com,3434 Spruce St
48,Lillian,C.,lillian.c@example.com,3535 Walnut St
49,Judy,N.,judy.n@example.com,3636 Cherry St
50,Billy,L.,billy.l@example.com,3737 Ash St
51,Howard,R.,howard.r@example.com,3838 Elm St
52,Laura,F.,laura.f@example.com,3939 Oak St
53,Anne,B.,anne.b@example.com,4040 Pine St
54,Rose,M.,rose.m@example.com,4141 Maple St
55,Nicholas,R.,nicholas.r@example.com,4242 Birch St
56,Joshua,K.,joshua.k@example.com,4343 Cedar St
57,Paul,W.,paul.w@example.com,4444 Spruce St
58,Kathryn,K.,kathryn.k@example.com,4545 Walnut St
59,Adam,A.,adam.a@example.com,4646 Cherry St
60,Norma,W.,norma.w@example.com,4747 Ash St
61,Timothy,R.,timothy.r@example.com,4848 Elm St
62,Elizabeth,P.,elizabeth.p@example.com,4949 Oak St
63,Edward,G.,edward.g@example.com,5050 Pine St
64,David,C.,david.c@example.com,5151 Maple St
65,Brenda,W.,brenda.w@example.com,5252 Birch St
66,Adam,W.,adam.w@example.com,5353 Cedar St
67,Michael,H.,michael.h@example.com,5454 Spruce St
68,Jesse,E.,jesse.e@example.com,5555 Walnut St
69,Janet,P.,janet.p@example.com,5656 Cherry St
70,Helen,F.,helen.f@example.com,5757 Ash St
71,Gerald,C.,gerald.c@example.com,5858 Elm St
72,Kathryn,O.,kathryn.o@example.com,5959 Oak St
73,Alan,B.,alan.b@example.com,6060 Pine St
74,Harry,A.,harry.a@example.com,6161 Maple St
75,Andrea,H.,andrea.h@example.com,6262 Birch St
76,Barbara,W.,barbara.w@example.com,6363 Cedar St
77,Anne,W.,anne.w@example.com,6464 Spruce St
78,Harry,H.,harry.h@example.com,6565 Walnut St
79,Jack,R.,jack.r@example.com,6666 Cherry St
80,Phillip,H.,phillip.h@example.com,6767 Ash St
81,Shirley,H.,shirley.h@example.com,6868 Elm St
82,Arthur,D.,arthur.d@example.com,6969 Oak St
83,Virginia,R.,virginia.r@example.com,7070 Pine St
84,Christina,R.,christina.r@example.com,7171 Maple St
85,Theresa,M.,theresa.m@example.com,7272 Birch St
86,Jason,C.,jason.c@example.com,7373 Cedar St
87,Phillip,B.,phillip.b@example.com,7474 Spruce St
88,Adam,T.,adam.t@example.com,7575 Walnut St
89,Margaret,J.,margaret.j@example.com,7676 Cherry St
90,Paul,P.,paul.p@example.com,7777 Ash St
91,Todd,W.,todd.w@example.com,7878 Elm St
92,Willie,O.,willie.o@example.com,7979 Oak St
93,Frances,R.,frances.r@example.com,8080 Pine St
94,Gregory,H.,gregory.h@example.com,8181 Maple St
95,Lisa,P.,lisa.p@example.com,8282 Birch St
96,Jacqueline,A.,jacqueline.a@example.com,8383 Cedar St
97,Shirley,D.,shirley.d@example.com,8484 Spruce St
98,Nicole,M.,nicole.m@example.com,8585 Walnut St
99,Mary,G.,mary.g@example.com,8686 Cherry St
100,Jean,M.,jean.m@example.com,8787 Ash St
